asset,type,group,capacity,min_operating_point,investment_method,investment_integer,technical_lifetime,economic_lifetime,discount_rate,consumer_balance_sense,capacity_storage_energy,is_seasonal,use_binary_storage_method,unit_commitment,unit_commitment_method,unit_commitment_integer,ramping,storage_method_energy,energy_to_power_ratio,investment_integer_storage_energy,max_ramp_up,max_ramp_down,max_su_ramp,max_sd_ramp,minimum_up_time,start_up_cost,shut_down_cost,start_trajectory,shut_trajectory,minimum_down_time
NL_E_Demand,consumer,,0.0,0,none,False,1,1,0,,0,False,,False,,False,False,False,0,False,,,,,,,,,,
BE_E_Demand,consumer,,0.0,0,none,False,1,1,0,,0,False,,False,,False,False,False,0,False,,,,,,,,,,
DE_E_Demand,consumer,,0.0,0,none,False,1,1,0,,0,False,,False,,False,False,False,0,False,,,,,,,,,,
FR_E_Demand,consumer,,0.0,0,none,False,1,1,0,,0,False,,False,,False,False,False,0,False,,,,,,,,,,
DK_E_Demand,consumer,,0.0,0,none,False,1,1,0,,0,False,,False,,False,False,False,0,False,,,,,,,,,,
UK_E_Demand,consumer,,0.0,0,none,False,1,1,0,,0,False,,False,,False,False,False,0,False,,,,,,,,,,
IE_E_Demand,consumer,,0.0,0,none,False,1,1,0,,0,False,,False,,False,False,False,0,False,,,,,,,,,,
CH_E_Demand,consumer,,0.0,0,none,False,1,1,0,,0,False,,False,,False,False,False,0,False,,,,,,,,,,
AT_E_Demand,consumer,,0.0,0,none,False,1,1,0,,0,False,,False,,False,False,False,0,False,,,,,,,,,,
LU_E_Demand,consumer,,0.0,0,none,False,1,1,0,,0,False,,False,,False,False,False,0,False,,,,,,,,,,
CZ_E_Demand,consumer,,0.0,0,none,False,1,1,0,,0,False,,False,,False,False,False,0,False,,,,,,,,,,
PL_E_Demand,consumer,,0.0,0,none,False,1,1,0,,0,False,,False,,False,False,False,0,False,,,,,,,,,,
SE_E_Demand,consumer,,0.0,0,none,False,1,1,0,,0,False,,False,,False,False,False,0,False,,,,,,,,,,
NO_E_Demand,consumer,,0.0,0,none,False,1,1,0,,0,False,,False,,False,False,False,0,False,,,,,,,,,,
ES_E_Demand,consumer,,0.0,0,none,False,1,1,0,,0,False,,False,,False,False,False,0,False,,,,,,,,,,
PT_E_Demand,consumer,,0.0,0,none,False,1,1,0,,0,False,,False,,False,False,False,0,False,,,,,,,,,,
IT_E_Demand,consumer,,0.0,0,none,False,1,1,0,,0,False,,False,,False,False,False,0,False,,,,,,,,,,
MT_E_Demand,consumer,,0.0,0,none,False,1,1,0,,0,False,,False,,False,False,False,0,False,,,,,,,,,,
SI_E_Demand,consumer,,0.0,0,none,False,1,1,0,,0,False,,False,,False,False,False,0,False,,,,,,,,,,
HU_E_Demand,consumer,,0.0,0,none,False,1,1,0,,0,False,,False,,False,False,False,0,False,,,,,,,,,,
SK_E_Demand,consumer,,0.0,0,none,False,1,1,0,,0,False,,False,,False,False,False,0,False,,,,,,,,,,
LT_E_Demand,consumer,,0.0,0,none,False,1,1,0,,0,False,,False,,False,False,False,0,False,,,,,,,,,,
LV_E_Demand,consumer,,0.0,0,none,False,1,1,0,,0,False,,False,,False,False,False,0,False,,,,,,,,,,
EE_E_Demand,consumer,,0.0,0,none,False,1,1,0,,0,False,,False,,False,False,False,0,False,,,,,,,,,,
FI_E_Demand,consumer,,0.0,0,none,False,1,1,0,,0,False,,False,,False,False,False,0,False,,,,,,,,,,
HR_E_Demand,consumer,,0.0,0,none,False,1,1,0,,0,False,,False,,False,False,False,0,False,,,,,,,,,,
GR_E_Demand,consumer,,0.0,0,none,False,1,1,0,,0,False,,False,,False,False,False,0,False,,,,,,,,,,
BG_E_Demand,consumer,,0.0,0,none,False,1,1,0,,0,False,,False,,False,False,False,0,False,,,,,,,,,,
RO_E_Demand,consumer,,0.0,0,none,False,1,1,0,,0,False,,False,,False,False,False,0,False,,,,,,,,,,
CY_E_Demand,consumer,,0.0,0,none,False,1,1,0,,0,False,,False,,False,False,False,0,False,,,,,,,,,,
OBZLL_E_Demand,consumer,,0.0,0,none,False,1,1,0,,0,False,,False,,False,False,False,0,False,,,,,,,,,,
NL_H_Demand,consumer,,0.0,0,none,False,1,1,0,,0,False,,False,,False,False,False,0,False,,,,,,,,,,
BE_H_Demand,consumer,,0.0,0,none,False,1,1,0,,0,False,,False,,False,False,False,0,False,,,,,,,,,,
DE_H_Demand,consumer,,0.0,0,none,False,1,1,0,,0,False,,False,,False,False,False,0,False,,,,,,,,,,
FR_H_Demand,consumer,,0.0,0,none,False,1,1,0,,0,False,,False,,False,False,False,0,False,,,,,,,,,,
DK_H_Demand,consumer,,0.0,0,none,False,1,1,0,,0,False,,False,,False,False,False,0,False,,,,,,,,,,
UK_H_Demand,consumer,,0.0,0,none,False,1,1,0,,0,False,,False,,False,False,False,0,False,,,,,,,,,,
IE_H_Demand,consumer,,0.0,0,none,False,1,1,0,,0,False,,False,,False,False,False,0,False,,,,,,,,,,
CH_H_Demand,consumer,,0.0,0,none,False,1,1,0,,0,False,,False,,False,False,False,0,False,,,,,,,,,,
AT_H_Demand,consumer,,0.0,0,none,False,1,1,0,,0,False,,False,,False,False,False,0,False,,,,,,,,,,
LU_H_Demand,consumer,,0.0,0,none,False,1,1,0,,0,False,,False,,False,False,False,0,False,,,,,,,,,,
CZ_H_Demand,consumer,,0.0,0,none,False,1,1,0,,0,False,,False,,False,False,False,0,False,,,,,,,,,,
PL_H_Demand,consumer,,0.0,0,none,False,1,1,0,,0,False,,False,,False,False,False,0,False,,,,,,,,,,
SE_H_Demand,consumer,,0.0,0,none,False,1,1,0,,0,False,,False,,False,False,False,0,False,,,,,,,,,,
NO_H_Demand,consumer,,0.0,0,none,False,1,1,0,,0,False,,False,,False,False,False,0,False,,,,,,,,,,
ES_H_Demand,consumer,,0.0,0,none,False,1,1,0,,0,False,,False,,False,False,False,0,False,,,,,,,,,,
PT_H_Demand,consumer,,0.0,0,none,False,1,1,0,,0,False,,False,,False,False,False,0,False,,,,,,,,,,
IT_H_Demand,consumer,,0.0,0,none,False,1,1,0,,0,False,,False,,False,False,False,0,False,,,,,,,,,,
MT_H_Demand,consumer,,0.0,0,none,False,1,1,0,,0,False,,False,,False,False,False,0,False,,,,,,,,,,
SI_H_Demand,consumer,,0.0,0,none,False,1,1,0,,0,False,,False,,False,False,False,0,False,,,,,,,,,,
HU_H_Demand,consumer,,0.0,0,none,False,1,1,0,,0,False,,False,,False,False,False,0,False,,,,,,,,,,
SK_H_Demand,consumer,,0.0,0,none,False,1,1,0,,0,False,,False,,False,False,False,0,False,,,,,,,,,,
LT_H_Demand,consumer,,0.0,0,none,False,1,1,0,,0,False,,False,,False,False,False,0,False,,,,,,,,,,
LV_H_Demand,consumer,,0.0,0,none,False,1,1,0,,0,False,,False,,False,False,False,0,False,,,,,,,,,,
EE_H_Demand,consumer,,0.0,0,none,False,1,1,0,,0,False,,False,,False,False,False,0,False,,,,,,,,,,
FI_H_Demand,consumer,,0.0,0,none,False,1,1,0,,0,False,,False,,False,False,False,0,False,,,,,,,,,,
HR_H_Demand,consumer,,0.0,0,none,False,1,1,0,,0,False,,False,,False,False,False,0,False,,,,,,,,,,
GR_H_Demand,consumer,,0.0,0,none,False,1,1,0,,0,False,,False,,False,False,False,0,False,,,,,,,,,,
BG_H_Demand,consumer,,0.0,0,none,False,1,1,0,,0,False,,False,,False,False,False,0,False,,,,,,,,,,
RO_H_Demand,consumer,,0.0,0,none,False,1,1,0,,0,False,,False,,False,False,False,0,False,,,,,,,,,,
CY_H_Demand,consumer,,0.0,0,none,False,1,1,0,,0,False,,False,,False,False,False,0,False,,,,,,,,,,
OBZLL_H_Demand,consumer,,0.0,0,none,False,1,1,0,,0,False,,False,,False,False,False,0,False,,,,,,,,,,
NL_electrolyzer,conversion,,16004.56621,0,none,False,1,1,0,,0,False,,False,,False,False,False,0,False,,,,,,,,,,
BE_electrolyzer,conversion,,11118.72146,0,none,False,1,1,0,,0,False,,False,,False,False,False,0,False,,,,,,,,,,
DE_electrolyzer,conversion,,68344.74886,0,none,False,1,1,0,,0,False,,False,,False,False,False,0,False,,,,,,,,,,
FR_electrolyzer,conversion,,6803.652968,0,none,False,1,1,0,,0,False,,False,,False,False,False,0,False,,,,,,,,,,
DK_electrolyzer,conversion,,2305.936073,0,none,False,1,1,0,,0,False,,False,,False,False,False,0,False,,,,,,,,,,
UK_electrolyzer,conversion,,35589.07422,0,none,False,1,1,0,,0,False,,False,,False,False,False,0,False,,,,,,,,,,
IE_electrolyzer,conversion,,2705.479452,0,none,False,1,1,0,,0,False,,False,,False,False,False,0,False,,,,,,,,,,
CH_electrolyzer,conversion,,3820.526568,0,none,False,1,1,0,,0,False,,False,,False,False,False,0,False,,,,,,,,,,
AT_electrolyzer,conversion,,5730.593607,0,none,False,1,1,0,,0,False,,False,,False,False,False,0,False,,,,,,,,,,
LU_electrolyzer,conversion,,513.6986301,0,none,False,1,1,0,,0,False,,False,,False,False,False,0,False,,,,,,,,,,
CZ_electrolyzer,conversion,,4703.196347,0,none,False,1,1,0,,0,False,,False,,False,False,False,0,False,,,,,,,,,,
PL_electrolyzer,conversion,,14942.92237,0,none,False,1,1,0,,0,False,,False,,False,False,False,0,False,,,,,,,,,,
SE_electrolyzer,conversion,,8664.383562,0,none,False,1,1,0,,0,False,,False,,False,False,False,0,False,,,,,,,,,,
NO_electrolyzer,conversion,,9032.895165,0,none,False,1,1,0,,0,False,,False,,False,False,False,0,False,,,,,,,,,,
ES_electrolyzer,conversion,,20970.31963,0,none,False,1,1,0,,0,False,,False,,False,False,False,0,False,,,,,,,,,,
PT_electrolyzer,conversion,,3515.981735,0,none,False,1,1,0,,0,False,,False,,False,False,False,0,False,,,,,,,,,,
IT_electrolyzer,conversion,,16666.66667,0,none,False,1,1,0,,0,False,,False,,False,False,False,0,False,,,,,,,,,,
MT_electrolyzer,conversion,,68.49315068,0,none,False,1,1,0,,0,False,,False,,False,False,False,0,False,,,,,,,,,,
SI_electrolyzer,conversion,,650.6849315,0,none,False,1,1,0,,0,False,,False,,False,False,False,0,False,,,,,,,,,,
HU_electrolyzer,conversion,,4212.328767,0,none,False,1,1,0,,0,False,,False,,False,False,False,0,False,,,,,,,,,,
SK_electrolyzer,conversion,,2716.894977,0,none,False,1,1,0,,0,False,,False,,False,False,False,0,False,,,,,,,,,,
LT_electrolyzer,conversion,,2066.210046,0,none,False,1,1,0,,0,False,,False,,False,False,False,0,False,,,,,,,,,,
LV_electrolyzer,conversion,,308.2191781,0,none,False,1,1,0,,0,False,,False,,False,False,False,0,False,,,,,,,,,,
EE_electrolyzer,conversion,,194.0639269,0,none,False,1,1,0,,0,False,,False,,False,False,False,0,False,,,,,,,,,,
FI_electrolyzer,conversion,,5410.958904,0,none,False,1,1,0,,0,False,,False,,False,False,False,0,False,,,,,,,,,,
HR_electrolyzer,conversion,,924.6575342,0,none,False,1,1,0,,0,False,,False,,False,False,False,0,False,,,,,,,,,,
GR_electrolyzer,conversion,,6575.342466,0,none,False,1,1,0,,0,False,,False,,False,False,False,0,False,,,,,,,,,,
BG_electrolyzer,conversion,,1518.26484,0,none,False,1,1,0,,0,False,,False,,False,False,False,0,False,,,,,,,,,,
RO_electrolyzer,conversion,,4897.260274,0,none,False,1,1,0,,0,False,,False,,False,False,False,0,False,,,,,,,,,,
CY_electrolyzer,conversion,,285.3881279,0,none,False,1,1,0,,0,False,,False,,False,False,False,0,False,,,,,,,,,,
OBZLL_electrolyzer,conversion,,0.0,0,none,False,1,1,0,,0,False,,False,,False,False,False,0,False,,,,,,,,,,
NL_E_Balance,hub,,0.0,0,none,False,1,1,0,,0,False,,False,,False,False,False,0,False,,,,,,,,,,
BE_E_Balance,hub,,0.0,0,none,False,1,1,0,,0,False,,False,,False,False,False,0,False,,,,,,,,,,
DE_E_Balance,hub,,0.0,0,none,False,1,1,0,,0,False,,False,,False,False,False,0,False,,,,,,,,,,
FR_E_Balance,hub,,0.0,0,none,False,1,1,0,,0,False,,False,,False,False,False,0,False,,,,,,,,,,
DK_E_Balance,hub,,0.0,0,none,False,1,1,0,,0,False,,False,,False,False,False,0,False,,,,,,,,,,
UK_E_Balance,hub,,0.0,0,none,False,1,1,0,,0,False,,False,,False,False,False,0,False,,,,,,,,,,
IE_E_Balance,hub,,0.0,0,none,False,1,1,0,,0,False,,False,,False,False,False,0,False,,,,,,,,,,
CH_E_Balance,hub,,0.0,0,none,False,1,1,0,,0,False,,False,,False,False,False,0,False,,,,,,,,,,
AT_E_Balance,hub,,0.0,0,none,False,1,1,0,,0,False,,False,,False,False,False,0,False,,,,,,,,,,
LU_E_Balance,hub,,0.0,0,none,False,1,1,0,,0,False,,False,,False,False,False,0,False,,,,,,,,,,
CZ_E_Balance,hub,,0.0,0,none,False,1,1,0,,0,False,,False,,False,False,False,0,False,,,,,,,,,,
PL_E_Balance,hub,,0.0,0,none,False,1,1,0,,0,False,,False,,False,False,False,0,False,,,,,,,,,,
SE_E_Balance,hub,,0.0,0,none,False,1,1,0,,0,False,,False,,False,False,False,0,False,,,,,,,,,,
NO_E_Balance,hub,,0.0,0,none,False,1,1,0,,0,False,,False,,False,False,False,0,False,,,,,,,,,,
ES_E_Balance,hub,,0.0,0,none,False,1,1,0,,0,False,,False,,False,False,False,0,False,,,,,,,,,,
PT_E_Balance,hub,,0.0,0,none,False,1,1,0,,0,False,,False,,False,False,False,0,False,,,,,,,,,,
IT_E_Balance,hub,,0.0,0,none,False,1,1,0,,0,False,,False,,False,False,False,0,False,,,,,,,,,,
MT_E_Balance,hub,,0.0,0,none,False,1,1,0,,0,False,,False,,False,False,False,0,False,,,,,,,,,,
SI_E_Balance,hub,,0.0,0,none,False,1,1,0,,0,False,,False,,False,False,False,0,False,,,,,,,,,,
HU_E_Balance,hub,,0.0,0,none,False,1,1,0,,0,False,,False,,False,False,False,0,False,,,,,,,,,,
SK_E_Balance,hub,,0.0,0,none,False,1,1,0,,0,False,,False,,False,False,False,0,False,,,,,,,,,,
LT_E_Balance,hub,,0.0,0,none,False,1,1,0,,0,False,,False,,False,False,False,0,False,,,,,,,,,,
LV_E_Balance,hub,,0.0,0,none,False,1,1,0,,0,False,,False,,False,False,False,0,False,,,,,,,,,,
EE_E_Balance,hub,,0.0,0,none,False,1,1,0,,0,False,,False,,False,False,False,0,False,,,,,,,,,,
FI_E_Balance,hub,,0.0,0,none,False,1,1,0,,0,False,,False,,False,False,False,0,False,,,,,,,,,,
HR_E_Balance,hub,,0.0,0,none,False,1,1,0,,0,False,,False,,False,False,False,0,False,,,,,,,,,,
GR_E_Balance,hub,,0.0,0,none,False,1,1,0,,0,False,,False,,False,False,False,0,False,,,,,,,,,,
BG_E_Balance,hub,,0.0,0,none,False,1,1,0,,0,False,,False,,False,False,False,0,False,,,,,,,,,,
RO_E_Balance,hub,,0.0,0,none,False,1,1,0,,0,False,,False,,False,False,False,0,False,,,,,,,,,,
CY_E_Balance,hub,,0.0,0,none,False,1,1,0,,0,False,,False,,False,False,False,0,False,,,,,,,,,,
OBZLL_E_Balance,hub,,0.0,0,none,False,1,1,0,,0,False,,False,,False,False,False,0,False,,,,,,,,,,
NL_E_ENS,producer,,33775.8785,0,none,False,1,1,0,,0,False,,False,,False,False,False,0,False,,,,,,,,,,
NL_Wind_Onshore,producer,,20000.0,0,none,False,1,1,0,,0,False,,False,,False,False,False,0,False,,,,,,,,,,
NL_Wind_Offshore,producer,,49653.0,0,none,False,1,1,0,,0,False,,False,,False,False,False,0,False,,,,,,,,,,
NL_Solar,producer,,99984.0,0,none,False,1,1,0,,0,False,,False,,False,False,False,0,False,,,,,,,,,,
NL_Gas,producer,,15250.0,0,none,False,1,1,0,,0,False,,False,,False,False,False,0,False,,,,,,,,,,
NL_OCGT,producer,,0.0,0,none,False,1,1,0,,0,False,,False,,False,False,False,0,False,,,,,,,,,,
BE_E_ENS,producer,,23582.92406,0,none,False,1,1,0,,0,False,,False,,False,False,False,0,False,,,,,,,,,,
BE_Wind_Onshore,producer,,10000.0,0,none,False,1,1,0,,0,False,,False,,False,False,False,0,False,,,,,,,,,,
BE_Wind_Offshore,producer,,10960.0,0,none,False,1,1,0,,0,False,,False,,False,False,False,0,False,,,,,,,,,,
BE_Solar,producer,,55000.0,0,none,False,1,1,0,,0,False,,False,,False,False,False,0,False,,,,,,,,,,
BE_Hydro,producer,,165.0,0,none,False,1,1,0,,0,False,,False,,False,False,False,0,False,,,,,,,,,,
BE_Gas,producer,,8868.0,0,none,False,1,1,0,,0,False,,False,,False,False,False,0,False,,,,,,,,,,
BE_OCGT,producer,,244.0,0,none,False,1,1,0,,0,False,,False,,False,False,False,0,False,,,,,,,,,,
DE_E_ENS,producer,,119083.5828,0,none,False,1,1,0,,0,False,,False,,False,False,False,0,False,,,,,,,,,,
DE_Wind_Onshore,producer,,191500.0,0,none,False,1,1,0,,0,False,,False,,False,False,False,0,False,,,,,,,,,,
DE_Wind_Offshore,producer,,70585.0,0,none,False,1,1,0,,0,False,,False,,False,False,False,0,False,,,,,,,,,,
DE_Solar,producer,,456389.0,0,none,False,1,1,0,,0,False,,False,,False,False,False,0,False,,,,,,,,,,
DE_Hydro,producer,,4753.0,0,none,False,1,1,0,,0,False,,False,,False,False,False,0,False,,,,,,,,,,
DE_Coal,producer,,0.0,0,none,False,1,1,0,,0,False,,False,,False,False,False,0,False,,,,,,,,,,
DE_Gas,producer,,33582.0,0,none,False,1,1,0,,0,False,,False,,False,False,False,0,False,,,,,,,,,,
DE_OCGT,producer,,0.0,0,none,False,1,1,0,,0,False,,False,,False,False,False,0,False,,,,,,,,,,
FR_E_ENS,producer,,92160.0,0,none,False,1,1,0,,0,False,,False,,False,False,False,0,False,,,,,,,,,,
FR_Wind_Onshore,producer,,80000.0,0,none,False,1,1,0,,0,False,,False,,False,False,False,0,False,,,,,,,,,,
FR_Wind_Offshore,producer,,43570.0,0,none,False,1,1,0,,0,False,,False,,False,False,False,0,False,,,,,,,,,,
FR_Solar,producer,,193594.0,0,none,False,1,1,0,,0,False,,False,,False,False,False,0,False,,,,,,,,,,
FR_Hydro,producer,,23447.0,0,none,False,1,1,0,,0,False,,False,,False,False,False,0,False,,,,,,,,,,
FR_Nuclear,producer,,50139.0,0,none,False,1,1,0,,0,False,,False,,False,False,False,0,False,,,,,,,,,,
FR_Gas,producer,,10839.0,0,none,False,1,1,0,,0,False,,False,,False,False,False,0,False,,,,,,,,,,
FR_OCGT,producer,,0.0,0,none,False,1,1,0,,0,False,,False,,False,False,False,0,False,,,,,,,,,,
DK_E_ENS,producer,,5894.6533,0,none,False,1,1,0,,0,False,,False,,False,False,False,0,False,,,,,,,,,,
DK_Wind_Onshore,producer,,11393.0,0,none,False,1,1,0,,0,False,,False,,False,False,False,0,False,,,,,,,,,,
DK_Wind_Offshore,producer,,44191.0,0,none,False,1,1,0,,0,False,,False,,False,False,False,0,False,,,,,,,,,,
DK_Solar,producer,,24446.0,0,none,False,1,1,0,,0,False,,False,,False,False,False,0,False,,,,,,,,,,
DK_Gas,producer,,10.0,0,none,False,1,1,0,,0,False,,False,,False,False,False,0,False,,,,,,,,,,
DK_OCGT,producer,,612.0,0,none,False,1,1,0,,0,False,,False,,False,False,False,0,False,,,,,,,,,,
UK_E_ENS,producer,,118630.2474,0,none,False,1,1,0,,0,False,,False,,False,False,False,0,False,,,,,,,,,,
UK_Wind_Onshore,producer,,53918.0,0,none,False,1,1,0,,0,False,,False,,False,False,False,0,False,,,,,,,,,,
UK_Wind_Offshore,producer,,110458.0,0,none,False,1,1,0,,0,False,,False,,False,False,False,0,False,,,,,,,,,,
UK_Solar,producer,,63715.0,0,none,False,1,1,0,,0,False,,False,,False,False,False,0,False,,,,,,,,,,
UK_Hydro,producer,,2513.0,0,none,False,1,1,0,,0,False,,False,,False,False,False,0,False,,,,,,,,,,
UK_Nuclear,producer,,16000.0,0,none,False,1,1,0,,0,False,,False,,False,False,False,0,False,,,,,,,,,,
UK_Gas,producer,,9505.0,0,none,False,1,1,0,,0,False,,False,,False,False,False,0,False,,,,,,,,,,
UK_OCGT,producer,,1243.0,0,none,False,1,1,0,,0,False,,False,,False,False,False,0,False,,,,,,,,,,
IE_E_ENS,producer,,10172.088,0,none,False,1,1,0,,0,False,,False,,False,False,False,0,False,,,,,,,,,,
IE_Wind_Onshore,producer,,11308.0,0,none,False,1,1,0,,0,False,,False,,False,False,False,0,False,,,,,,,,,,
IE_Wind_Offshore,producer,,21057.0,0,none,False,1,1,0,,0,False,,False,,False,False,False,0,False,,,,,,,,,,
IE_Solar,producer,,12113.0,0,none,False,1,1,0,,0,False,,False,,False,False,False,0,False,,,,,,,,,,
IE_Hydro,producer,,215.0,0,none,False,1,1,0,,0,False,,False,,False,False,False,0,False,,,,,,,,,,
IE_Gas,producer,,7933.0,0,none,False,1,1,0,,0,False,,False,,False,False,False,0,False,,,,,,,,,,
IE_OCGT,producer,,116.0,0,none,False,1,1,0,,0,False,,False,,False,False,False,0,False,,,,,,,,,,
CH_E_ENS,producer,,12735.08856,0,none,False,1,1,0,,0,False,,False,,False,False,False,0,False,,,,,,,,,,
CH_Wind_Onshore,producer,,2223.0,0,none,False,1,1,0,,0,False,,False,,False,False,False,0,False,,,,,,,,,,
CH_Solar,producer,,13312.0,0,none,False,1,1,0,,0,False,,False,,False,False,False,0,False,,,,,,,,,,
CH_Hydro,producer,,13775.0,0,none,False,1,1,0,,0,False,,False,,False,False,False,0,False,,,,,,,,,,
CH_Nuclear,producer,,0.0,0,none,False,1,1,0,,0,False,,False,,False,False,False,0,False,,,,,,,,,,
AT_E_ENS,producer,,18940.2772,0,none,False,1,1,0,,0,False,,False,,False,False,False,0,False,,,,,,,,,,
AT_Wind_Onshore,producer,,41145.0,0,none,False,1,1,0,,0,False,,False,,False,False,False,0,False,,,,,,,,,,
AT_Solar,producer,,53129.0,0,none,False,1,1,0,,0,False,,False,,False,False,False,0,False,,,,,,,,,,
AT_Hydro,producer,,8137.0,0,none,False,1,1,0,,0,False,,False,,False,False,False,0,False,,,,,,,,,,
AT_Gas,producer,,3260.0,0,none,False,1,1,0,,0,False,,False,,False,False,False,0,False,,,,,,,,,,
LU_E_ENS,producer,,2251.17408,0,none,False,1,1,0,,0,False,,False,,False,False,False,0,False,,,,,,,,,,
LU_Wind_Onshore,producer,,600.0,0,none,False,1,1,0,,0,False,,False,,False,False,False,0,False,,,,,,,,,,
LU_Solar,producer,,2190.0,0,none,False,1,1,0,,0,False,,False,,False,False,False,0,False,,,,,,,,,,
LU_Hydro,producer,,43.0,0,none,False,1,1,0,,0,False,,False,,False,False,False,0,False,,,,,,,,,,
CZ_E_ENS,producer,,12355.1616,0,none,False,1,1,0,,0,False,,False,,False,False,False,0,False,,,,,,,,,,
CZ_Wind_Onshore,producer,,4486.0,0,none,False,1,1,0,,0,False,,False,,False,False,False,0,False,,,,,,,,,,
CZ_Solar,producer,,22485.0,0,none,False,1,1,0,,0,False,,False,,False,False,False,0,False,,,,,,,,,,
CZ_Hydro,producer,,953.0,0,none,False,1,1,0,,0,False,,False,,False,False,False,0,False,,,,,,,,,,
CZ_Nuclear,producer,,6983.0,0,none,False,1,1,0,,0,False,,False,,False,False,False,0,False,,,,,,,,,,
CZ_Coal,producer,,0.0,0,none,False,1,1,0,,0,False,,False,,False,False,False,0,False,,,,,,,,,,
CZ_Gas,producer,,2613.0,0,none,False,1,1,0,,0,False,,False,,False,False,False,0,False,,,,,,,,,,
PL_E_ENS,producer,,33646.76534,0,none,False,1,1,0,,0,False,,False,,False,False,False,0,False,,,,,,,,,,
PL_Wind_Onshore,producer,,62000.0,0,none,False,1,1,0,,0,False,,False,,False,False,False,0,False,,,,,,,,,,
PL_Wind_Offshore,producer,,10900.0,0,none,False,1,1,0,,0,False,,False,,False,False,False,0,False,,,,,,,,,,
PL_Solar,producer,,54303.0,0,none,False,1,1,0,,0,False,,False,,False,False,False,0,False,,,,,,,,,,
PL_Hydro,producer,,794.0,0,none,False,1,1,0,,0,False,,False,,False,False,False,0,False,,,,,,,,,,
PL_Coal,producer,,2496.0,0,none,False,1,1,0,,0,False,,False,,False,False,False,0,False,,,,,,,,,,
PL_Gas,producer,,8223.0,0,none,False,1,1,0,,0,False,,False,,False,False,False,0,False,,,,,,,,,,
SE_E_ENS,producer,,30500.3913,0,none,False,1,1,0,,0,False,,False,,False,False,False,0,False,,,,,,,,,,
SE_Wind_Onshore,producer,,49100.0,0,none,False,1,1,0,,0,False,,False,,False,False,False,0,False,,,,,,,,,,
SE_Wind_Offshore,producer,,14600.0,0,none,False,1,1,0,,0,False,,False,,False,False,False,0,False,,,,,,,,,,
SE_Solar,producer,,46500.0,0,none,False,1,1,0,,0,False,,False,,False,False,False,0,False,,,,,,,,,,
SE_Nuclear,producer,,11600.0,0,none,False,1,1,0,,0,False,,False,,False,False,False,0,False,,,,,,,,,,
SE_Gas,producer,,0.0,0,none,False,1,1,0,,0,False,,False,,False,False,False,0,False,,,,,,,,,,
SE_OCGT,producer,,97.0,0,none,False,1,1,0,,0,False,,False,,False,False,False,0,False,,,,,,,,,,
NO_E_ENS,producer,,30109.65055,0,none,False,1,1,0,,0,False,,False,,False,False,False,0,False,,,,,,,,,,
NO_Wind_Onshore,producer,,6924.0,0,none,False,1,1,0,,0,False,,False,,False,False,False,0,False,,,,,,,,,,
NO_Wind_Offshore,producer,,9947.0,0,none,False,1,1,0,,0,False,,False,,False,False,False,0,False,,,,,,,,,,
NO_Solar,producer,,11940.0,0,none,False,1,1,0,,0,False,,False,,False,False,False,0,False,,,,,,,,,,
ES_E_ENS,producer,,47849.08992,0,none,False,1,1,0,,0,False,,False,,False,False,False,0,False,,,,,,,,,,
ES_Wind_Onshore,producer,,99549.0,0,none,False,1,1,0,,0,False,,False,,False,False,False,0,False,,,,,,,,,,
ES_Wind_Offshore,producer,,5711.0,0,none,False,1,1,0,,0,False,,False,,False,False,False,0,False,,,,,,,,,,
ES_Solar,producer,,148297.0,0,none,False,1,1,0,,0,False,,False,,False,False,False,0,False,,,,,,,,,,
ES_Hydro,producer,,14839.0,0,none,False,1,1,0,,0,False,,False,,False,False,False,0,False,,,,,,,,,,
ES_Nuclear,producer,,0.0,0,none,False,1,1,0,,0,False,,False,,False,False,False,0,False,,,,,,,,,,
ES_Gas,producer,,14920.0,0,none,False,1,1,0,,0,False,,False,,False,False,False,0,False,,,,,,,,,,
PT_E_ENS,producer,,18910.67469,0,none,False,1,1,0,,0,False,,False,,False,False,False,0,False,,,,,,,,,,
PT_Wind_Onshore,producer,,13000.0,0,none,False,1,1,0,,0,False,,False,,False,False,False,0,False,,,,,,,,,,
PT_Wind_Offshore,producer,,9978.0,0,none,False,1,1,0,,0,False,,False,,False,False,False,0,False,,,,,,,,,,
PT_Solar,producer,,29000.0,0,none,False,1,1,0,,0,False,,False,,False,False,False,0,False,,,,,,,,,,
PT_Hydro,producer,,4271.0,0,none,False,1,1,0,,0,False,,False,,False,False,False,0,False,,,,,,,,,,
PT_Gas,producer,,0.0,0,none,False,1,1,0,,0,False,,False,,False,False,False,0,False,,,,,,,,,,
IT_E_ENS,producer,,71136.5182,0,none,False,1,1,0,,0,False,,False,,False,False,False,0,False,,,,,,,,,,
IT_Wind_Onshore,producer,,38210.0,0,none,False,1,1,0,,0,False,,False,,False,False,False,0,False,,,,,,,,,,
IT_Wind_Offshore,producer,,18500.0,0,none,False,1,1,0,,0,False,,False,,False,False,False,0,False,,,,,,,,,,
IT_Solar,producer,,236134.0,0,none,False,1,1,0,,0,False,,False,,False,False,False,0,False,,,,,,,,,,
IT_Hydro,producer,,15846.0,0,none,False,1,1,0,,0,False,,False,,False,False,False,0,False,,,,,,,,,,
IT_Gas,producer,,41910.0,0,none,False,1,1,0,,0,False,,False,,False,False,False,0,False,,,,,,,,,,
IT_OCGT,producer,,4320.0,0,none,False,1,1,0,,0,False,,False,,False,False,False,0,False,,,,,,,,,,
MT_E_ENS,producer,,623.6784,0,none,False,1,1,0,,0,False,,False,,False,False,False,0,False,,,,,,,,,,
MT_Solar,producer,,374.0,0,none,False,1,1,0,,0,False,,False,,False,False,False,0,False,,,,,,,,,,
MT_Gas,producer,,450.0,0,none,False,1,1,0,,0,False,,False,,False,False,False,0,False,,,,,,,,,,
SI_E_ENS,producer,,3143.9856,0,none,False,1,1,0,,0,False,,False,,False,False,False,0,False,,,,,,,,,,
SI_Wind_Onshore,producer,,7554.0,0,none,False,1,1,0,,0,False,,False,,False,False,False,0,False,,,,,,,,,,
SI_Wind_Offshore,producer,,3200.0,0,none,False,1,1,0,,0,False,,False,,False,False,False,0,False,,,,,,,,,,
SI_Solar,producer,,35948.0,0,none,False,1,1,0,,0,False,,False,,False,False,False,0,False,,,,,,,,,,
SI_Hydro,producer,,312.0,0,none,False,1,1,0,,0,False,,False,,False,False,False,0,False,,,,,,,,,,
SI_Nuclear,producer,,1100.0,0,none,False,1,1,0,,0,False,,False,,False,False,False,0,False,,,,,,,,,,
SI_Coal,producer,,575.0,0,none,False,1,1,0,,0,False,,False,,False,False,False,0,False,,,,,,,,,,
SI_Gas,producer,,2282.0,0,none,False,1,1,0,,0,False,,False,,False,False,False,0,False,,,,,,,,,,
SI_OCGT,producer,,1126.0,0,none,False,1,1,0,,0,False,,False,,False,False,False,0,False,,,,,,,,,,
HU_E_ENS,producer,,12134.8298,0,none,False,1,1,0,,0,False,,False,,False,False,False,0,False,,,,,,,,,,
HU_Wind_Onshore,producer,,3000.0,0,none,False,1,1,0,,0,False,,False,,False,False,False,0,False,,,,,,,,,,
HU_Solar,producer,,23396.0,0,none,False,1,1,0,,0,False,,False,,False,False,False,0,False,,,,,,,,,,
HU_Hydro,producer,,64.0,0,none,False,1,1,0,,0,False,,False,,False,False,False,0,False,,,,,,,,,,
HU_Nuclear,producer,,2360.0,0,none,False,1,1,0,,0,False,,False,,False,False,False,0,False,,,,,,,,,,
HU_Gas,producer,,3070.0,0,none,False,1,1,0,,0,False,,False,,False,False,False,0,False,,,,,,,,,,
HU_OCGT,producer,,154.0,0,none,False,1,1,0,,0,False,,False,,False,False,False,0,False,,,,,,,,,,
SK_E_ENS,producer,,6358.4868,0,none,False,1,1,0,,0,False,,False,,False,False,False,0,False,,,,,,,,,,
SK_Wind_Onshore,producer,,2000.0,0,none,False,1,1,0,,0,False,,False,,False,False,False,0,False,,,,,,,,,,
SK_Solar,producer,,5000.0,0,none,False,1,1,0,,0,False,,False,,False,False,False,0,False,,,,,,,,,,
SK_Hydro,producer,,1446.0,0,none,False,1,1,0,,0,False,,False,,False,False,False,0,False,,,,,,,,,,
SK_Nuclear,producer,,3096.0,0,none,False,1,1,0,,0,False,,False,,False,False,False,0,False,,,,,,,,,,
SK_Coal,producer,,251.0,0,none,False,1,1,0,,0,False,,False,,False,False,False,0,False,,,,,,,,,,
SK_Gas,producer,,1341.0,0,none,False,1,1,0,,0,False,,False,,False,False,False,0,False,,,,,,,,,,
LT_E_ENS,producer,,2850.6005,0,none,False,1,1,0,,0,False,,False,,False,False,False,0,False,,,,,,,,,,
LT_Wind_Onshore,producer,,5650.0,0,none,False,1,1,0,,0,False,,False,,False,False,False,0,False,,,,,,,,,,
LT_Wind_Offshore,producer,,7600.0,0,none,False,1,1,0,,0,False,,False,,False,False,False,0,False,,,,,,,,,,
LT_Solar,producer,,7576.0,0,none,False,1,1,0,,0,False,,False,,False,False,False,0,False,,,,,,,,,,
LT_Hydro,producer,,126.0,0,none,False,1,1,0,,0,False,,False,,False,False,False,0,False,,,,,,,,,,
LT_Gas,producer,,293.0,0,none,False,1,1,0,,0,False,,False,,False,False,False,0,False,,,,,,,,,,
LV_E_ENS,producer,,2112.9151,0,none,False,1,1,0,,0,False,,False,,False,False,False,0,False,,,,,,,,,,
LV_Wind_Onshore,producer,,352.0,0,none,False,1,1,0,,0,False,,False,,False,False,False,0,False,,,,,,,,,,
LV_Wind_Offshore,producer,,7500.0,0,none,False,1,1,0,,0,False,,False,,False,False,False,0,False,,,,,,,,,,
LV_Solar,producer,,605.0,0,none,False,1,1,0,,0,False,,False,,False,False,False,0,False,,,,,,,,,,
LV_Hydro,producer,,0.0,0,none,False,1,1,0,,0,False,,False,,False,False,False,0,False,,,,,,,,,,
LV_Gas,producer,,73.0,0,none,False,1,1,0,,0,False,,False,,False,False,False,0,False,,,,,,,,,,
EE_E_ENS,producer,,2493.6576,0,none,False,1,1,0,,0,False,,False,,False,False,False,0,False,,,,,,,,,,
EE_Wind_Onshore,producer,,861.0,0,none,False,1,1,0,,0,False,,False,,False,False,False,0,False,,,,,,,,,,
EE_Wind_Offshore,producer,,6999.0,0,none,False,1,1,0,,0,False,,False,,False,False,False,0,False,,,,,,,,,,
EE_Solar,producer,,3520.0,0,none,False,1,1,0,,0,False,,False,,False,False,False,0,False,,,,,,,,,,
FI_E_ENS,producer,,20200.0318,0,none,False,1,1,0,,0,False,,False,,False,False,False,0,False,,,,,,,,,,
FI_Wind_Onshore,producer,,87909.0,0,none,False,1,1,0,,0,False,,False,,False,False,False,0,False,,,,,,,,,,
FI_Wind_Offshore,producer,,12000.0,0,none,False,1,1,0,,0,False,,False,,False,False,False,0,False,,,,,,,,,,
FI_Solar,producer,,47767.0,0,none,False,1,1,0,,0,False,,False,,False,False,False,0,False,,,,,,,,,,
FI_Nuclear,producer,,10000.0,0,none,False,1,1,0,,0,False,,False,,False,False,False,0,False,,,,,,,,,,
FI_Gas,producer,,234.0,0,none,False,1,1,0,,0,False,,False,,False,False,False,0,False,,,,,,,,,,
FI_OCGT,producer,,87.0,0,none,False,1,1,0,,0,False,,False,,False,False,False,0,False,,,,,,,,,,
HR_E_ENS,producer,,3695.2681,0,none,False,1,1,0,,0,False,,False,,False,False,False,0,False,,,,,,,,,,
HR_Wind_Onshore,producer,,3000.0,0,none,False,1,1,0,,0,False,,False,,False,False,False,0,False,,,,,,,,,,
HR_Wind_Offshore,producer,,2896.0,0,none,False,1,1,0,,0,False,,False,,False,False,False,0,False,,,,,,,,,,
HR_Solar,producer,,3188.0,0,none,False,1,1,0,,0,False,,False,,False,False,False,0,False,,,,,,,,,,
HR_Hydro,producer,,2011.0,0,none,False,1,1,0,,0,False,,False,,False,False,False,0,False,,,,,,,,,,
HR_Coal,producer,,0.0,0,none,False,1,1,0,,0,False,,False,,False,False,False,0,False,,,,,,,,,,
HR_Gas,producer,,0.0,0,none,False,1,1,0,,0,False,,False,,False,False,False,0,False,,,,,,,,,,
GR_E_ENS,producer,,14331.0508,0,none,False,1,1,0,,0,False,,False,,False,False,False,0,False,,,,,,,,,,
GR_Wind_Onshore,producer,,27500.0,0,none,False,1,1,0,,0,False,,False,,False,False,False,0,False,,,,,,,,,,
GR_Wind_Offshore,producer,,17500.0,0,none,False,1,1,0,,0,False,,False,,False,False,False,0,False,,,,,,,,,,
GR_Solar,producer,,46500.0,0,none,False,1,1,0,,0,False,,False,,False,False,False,0,False,,,,,,,,,,
GR_Hydro,producer,,3522.0,0,none,False,1,1,0,,0,False,,False,,False,False,False,0,False,,,,,,,,,,
GR_Gas,producer,,5037.0,0,none,False,1,1,0,,0,False,,False,,False,False,False,0,False,,,,,,,,,,
GR_OCGT,producer,,0.0,0,none,False,1,1,0,,0,False,,False,,False,False,False,0,False,,,,,,,,,,
BG_E_ENS,producer,,6792.4289,0,none,False,1,1,0,,0,False,,False,,False,False,False,0,False,,,,,,,,,,
BG_Wind_Onshore,producer,,9000.0,0,none,False,1,1,0,,0,False,,False,,False,False,False,0,False,,,,,,,,,,
BG_Solar,producer,,9110.0,0,none,False,1,1,0,,0,False,,False,,False,False,False,0,False,,,,,,,,,,
BG_Hydro,producer,,1817.0,0,none,False,1,1,0,,0,False,,False,,False,False,False,0,False,,,,,,,,,,
BG_Nuclear,producer,,2000.0,0,none,False,1,1,0,,0,False,,False,,False,False,False,0,False,,,,,,,,,,
BG_Coal,producer,,1004.0,0,none,False,1,1,0,,0,False,,False,,False,False,False,0,False,,,,,,,,,,
BG_Gas,producer,,2315.0,0,none,False,1,1,0,,0,False,,False,,False,False,False,0,False,,,,,,,,,,
BG_OCGT,producer,,20.0,0,none,False,1,1,0,,0,False,,False,,False,False,False,0,False,,,,,,,,,,
RO_E_ENS,producer,,14269.1448,0,none,False,1,1,0,,0,False,,False,,False,False,False,0,False,,,,,,,,,,
RO_Wind_Onshore,producer,,9000.0,0,none,False,1,1,0,,0,False,,False,,False,False,False,0,False,,,,,,,,,,
RO_Wind_Offshore,producer,,1000.0,0,none,False,1,1,0,,0,False,,False,,False,False,False,0,False,,,,,,,,,,
RO_Solar,producer,,34194.0,0,none,False,1,1,0,,0,False,,False,,False,False,False,0,False,,,,,,,,,,
RO_Hydro,producer,,5958.0,0,none,False,1,1,0,,0,False,,False,,False,False,False,0,False,,,,,,,,,,
RO_Nuclear,producer,,3087.0,0,none,False,1,1,0,,0,False,,False,,False,False,False,0,False,,,,,,,,,,
RO_Coal,producer,,0.0,0,none,False,1,1,0,,0,False,,False,,False,False,False,0,False,,,,,,,,,,
RO_Gas,producer,,5840.0,0,none,False,1,1,0,,0,False,,False,,False,False,False,0,False,,,,,,,,,,
RO_OCGT,producer,,167.0,0,none,False,1,1,0,,0,False,,False,,False,False,False,0,False,,,,,,,,,,
CY_E_ENS,producer,,1269.453,0,none,False,1,1,0,,0,False,,False,,False,False,False,0,False,,,,,,,,,,
CY_Wind_Onshore,producer,,400.0,0,none,False,1,1,0,,0,False,,False,,False,False,False,0,False,,,,,,,,,,
CY_Solar,producer,,2273.0,0,none,False,1,1,0,,0,False,,False,,False,False,False,0,False,,,,,,,,,,
CY_Gas,producer,,524.0,0,none,False,1,1,0,,0,False,,False,,False,False,False,0,False,,,,,,,,,,
OBZLL_Wind_Offshore,producer,,2000.0,0,none,False,1,1,0,,0,False,,False,,False,False,False,0,False,,,,,,,,,,
EU_SMR_CCS,producer,,999999999.0,0,none,False,1,1,0,,0,False,,False,,False,False,False,0,False,,,,,,,,,,
NL_Battery,storage,,52294.0,0,none,False,1,1,0,,156882,False,,False,,False,False,False,0,False,,,,,,,,,,
BE_Battery,storage,,1130.0,0,none,False,1,1,0,,3390,False,,False,,False,False,False,0,False,,,,,,,,,,
DE_Hydro_Reservoir,storage,,1297.0,0,none,False,1,1,0,,258600,True,,False,,False,False,False,0,False,,,,,,,,,,
DE_Battery,storage,,111097.0,0,none,False,1,1,0,,333291,False,,False,,False,False,False,0,False,,,,,,,,,,
DE_Pump_Hydro_Closed,storage,,7382.0,0,none,False,1,1,0,,242200,True,,False,,False,False,False,0,False,,,,,,,,,,
DE_Pump_Hydro_Open,storage,,1644.0,0,none,False,1,1,0,,416700,True,,False,,False,False,False,0,False,,,,,,,,,,
FR_Hydro_Reservoir,storage,,8785.0,0,none,False,1,1,0,,10000000,True,,False,,False,False,False,0,False,,,,,,,,,,
FR_Pump_Hydro_Closed,storage,,1950.0,0,none,False,1,1,0,,10000,True,,False,,False,False,False,0,False,,,,,,,,,,
FR_Pump_Hydro_Open,storage,,1850.0,0,none,False,1,1,0,,90000,True,,False,,False,False,False,0,False,,,,,,,,,,
UK_Battery,storage,,12932.0,0,none,False,1,1,0,,38796,False,,False,,False,False,False,0,False,,,,,,,,,,
UK_Pump_Hydro_Closed,storage,,2744.0,0,none,False,1,1,0,,26400,True,,False,,False,False,False,0,False,,,,,,,,,,
IE_Battery,storage,,52206.0,0,none,False,1,1,0,,156618,False,,False,,False,False,False,0,False,,,,,,,,,,
IE_Pump_Hydro_Closed,storage,,292.0,0,none,False,1,1,0,,1700,True,,False,,False,False,False,0,False,,,,,,,,,,
CH_Battery,storage,,5050.0,0,none,False,1,1,0,,15150,False,,False,,False,False,False,0,False,,,,,,,,,,
CH_Pump_Hydro_Closed,storage,,2170.0,0,none,False,1,1,0,,70000,True,,False,,False,False,False,0,False,,,,,,,,,,
CH_Pump_Hydro_Open,storage,,10732.0,0,none,False,1,1,0,,8800000,True,,False,,False,False,False,0,False,,,,,,,,,,
AT_Hydro_Reservoir,storage,,2489.0,0,none,False,1,1,0,,757000,True,,False,,False,False,False,0,False,,,,,,,,,,
AT_Battery,storage,,304.0,0,none,False,1,1,0,,912,False,,False,,False,False,False,0,False,,,,,,,,,,
AT_Pump_Hydro_Closed,storage,,300.0,0,none,False,1,1,0,,1800,True,,False,,False,False,False,0,False,,,,,,,,,,
AT_Pump_Hydro_Open,storage,,5793.0,0,none,False,1,1,0,,1732600,True,,False,,False,False,False,0,False,,,,,,,,,,
LU_Pump_Hydro_Closed,storage,,1310.0,0,none,False,1,1,0,,5000,True,,False,,False,False,False,0,False,,,,,,,,,,
CZ_Hydro_Reservoir,storage,,698.0,0,none,False,1,1,0,,2500,True,,False,,False,False,False,0,False,,,,,,,,,,
CZ_Battery,storage,,3610.0,0,none,False,1,1,0,,10830,False,,False,,False,False,False,0,False,,,,,,,,,,
CZ_Pump_Hydro_Closed,storage,,688.0,0,none,False,1,1,0,,3700,True,,False,,False,False,False,0,False,,,,,,,,,,
CZ_Pump_Hydro_Open,storage,,470.0,0,none,False,1,1,0,,2300,True,,False,,False,False,False,0,False,,,,,,,,,,
PL_Hydro_Reservoir,storage,,272.0,0,none,False,1,1,0,,800,True,,False,,False,False,False,0,False,,,,,,,,,,
PL_Pump_Hydro_Closed,storage,,1323.0,0,none,False,1,1,0,,6300,True,,False,,False,False,False,0,False,,,,,,,,,,
PL_Pump_Hydro_Open,storage,,216.0,0,none,False,1,1,0,,1500,True,,False,,False,False,False,0,False,,,,,,,,,,
SE_Hydro_Reservoir,storage,,16447.0,0,none,False,1,1,0,,31931326,True,,False,,False,False,False,0,False,,,,,,,,,,
SE_Battery,storage,,543.0,0,none,False,1,1,0,,1629,False,,False,,False,False,False,0,False,,,,,,,,,,
NO_Pump_Hydro_Open,storage,,760.0,0,none,False,1,1,0,,4560,True,,False,,False,False,False,0,False,,,,,,,,,,
NO_Hydro_Reservoir,storage,,30728.0,0,none,False,1,1,0,,89577400,True,,False,,False,False,False,0,False,,,,,,,,,,
ES_Hydro_Reservoir,storage,,10972.0,0,none,False,1,1,0,,11648500,True,,False,,False,False,False,0,False,,,,,,,,,,
ES_Battery,storage,,32000.0,0,none,False,1,1,0,,96000,False,,False,,False,False,False,0,False,,,,,,,,,,
ES_Pump_Hydro_Closed,storage,,6866.0,0,none,False,1,1,0,,99000,True,,False,,False,False,False,0,False,,,,,,,,,,
ES_Pump_Hydro_Open,storage,,2683.0,0,none,False,1,1,0,,5961900,True,,False,,False,False,False,0,False,,,,,,,,,,
PT_Hydro_Reservoir,storage,,3766.0,0,none,False,1,1,0,,1289600,True,,False,,False,False,False,0,False,,,,,,,,,,
PT_Pump_Hydro_Open,storage,,3832.0,0,none,False,1,1,0,,2017900,True,,False,,False,False,False,0,False,,,,,,,,,,
IT_Hydro_Reservoir,storage,,9576.0,0,none,False,1,1,0,,5567850,True,,False,,False,False,False,0,False,,,,,,,,,,
IT_Battery,storage,,142781.0,0,none,False,1,1,0,,428343,False,,False,,False,False,False,0,False,,,,,,,,,,
IT_Pump_Hydro_Closed,storage,,6200.0,0,none,False,1,1,0,,63000,True,,False,,False,False,False,0,False,,,,,,,,,,
IT_Pump_Hydro_Open,storage,,3254.0,0,none,False,1,1,0,,288990,True,,False,,False,False,False,0,False,,,,,,,,,,
SI_Battery,storage,,65.0,0,none,False,1,1,0,,195,False,,False,,False,False,False,0,False,,,,,,,,,,
SI_Pump_Hydro_Closed,storage,,180.0,0,none,False,1,1,0,,2600,True,,False,,False,False,False,0,False,,,,,,,,,,
HU_Battery,storage,,954.0,0,none,False,1,1,0,,2862,False,,False,,False,False,False,0,False,,,,,,,,,,
SK_Hydro_Reservoir,storage,,21.0,0,none,False,1,1,0,,17242,True,,False,,False,False,False,0,False,,,,,,,,,,
SK_Pump_Hydro_Closed,storage,,650.0,0,none,False,1,1,0,,4100,True,,False,,False,False,False,0,False,,,,,,,,,,
SK_Pump_Hydro_Open,storage,,276.0,0,none,False,1,1,0,,45550,True,,False,,False,False,False,0,False,,,,,,,,,,
LT_Battery,storage,,3658.0,0,none,False,1,1,0,,10974,False,,False,,False,False,False,0,False,,,,,,,,,,
LT_Pump_Hydro_Closed,storage,,930.0,0,none,False,1,1,0,,10600,True,,False,,False,False,False,0,False,,,,,,,,,,
FI_Hydro_Reservoir,storage,,3237.0,0,none,False,1,1,0,,5530000,True,,False,,False,False,False,0,False,,,,,,,,,,
FI_Battery,storage,,5887.0,0,none,False,1,1,0,,17661,False,,False,,False,False,False,0,False,,,,,,,,,,
HR_Hydro_Reservoir,storage,,1941.0,0,none,False,1,1,0,,2045900,True,,False,,False,False,False,0,False,,,,,,,,,,
HR_Battery,storage,,365.0,0,none,False,1,1,0,,1095,False,,False,,False,False,False,0,False,,,,,,,,,,
HR_Pump_Hydro_Open,storage,,281.0,0,none,False,1,1,0,,18300,True,,False,,False,False,False,0,False,,,,,,,,,,
GR_Hydro_Reservoir,storage,,2744.0,0,none,False,1,1,0,,3600000,True,,False,,False,False,False,0,False,,,,,,,,,,
GR_Battery,storage,,33048.0,0,none,False,1,1,0,,99144,False,,False,,False,False,False,0,False,,,,,,,,,,
GR_Pump_Hydro_Closed,storage,,680.0,0,none,False,1,1,0,,0,True,,False,,False,False,False,0,False,,,,,,,,,,
GR_Pump_Hydro_Open,storage,,699.0,0,none,False,1,1,0,,4500,True,,False,,False,False,False,0,False,,,,,,,,,,
BG_Hydro_Reservoir,storage,,1281.0,0,none,False,1,1,0,,843000,True,,False,,False,False,False,0,False,,,,,,,,,,
BG_Pump_Hydro_Closed,storage,,864.0,0,none,False,1,1,0,,9400,True,,False,,False,False,False,0,False,,,,,,,,,,
BG_Pump_Hydro_Open,storage,,535.0,0,none,False,1,1,0,,255300,True,,False,,False,False,False,0,False,,,,,,,,,,
RO_Hydro_Reservoir,storage,,2579.0,0,none,False,1,1,0,,2425300,True,,False,,False,False,False,0,False,,,,,,,,,,
RO_Battery,storage,,1346.0,0,none,False,1,1,0,,4038,False,,False,,False,False,False,0,False,,,,,,,,,,
RO_Pump_Hydro_Open,storage,,839.0,0,none,False,1,1,0,,1506400,True,,False,,False,False,False,0,False,,,,,,,,,,
CY_Battery,storage,,3076.0,0,none,False,1,1,0,,9228,False,,False,,False,False,False,0,False,,,,,,,,,,
DK_Battery,storage,,1850.0,0,none,False,1,1,0,,5550,False,,False,,False,False,False,0,False,,,,,,,,,,
BG_Battery,storage,,4923.0,0,none,False,1,1,0,,14769,False,,False,,False,False,False,0,False,,,,,,,,,,
FR_Battery,storage,,24461.0,0,none,False,1,1,0,,73383,False,,False,,False,False,False,0,False,,,,,,,,,,
LV_Battery,storage,,149.0,0,none,False,1,1,0,,447,False,,False,,False,False,False,0,False,,,,,,,,,,
PT_Battery,storage,,3294.0,0,none,False,1,1,0,,9882,False,,False,,False,False,False,0,False,,,,,,,,,,
SK_Battery,storage,,2462.0,0,none,False,1,1,0,,7386,False,,False,,False,False,False,0,False,,,,,,,,,,
